,São Paulo,Minas Gerais,Paraná,Rio Grande do Sul,Rio de Janeiro,Bahia,Pernambuco,Santa Catarina,Ceará,Goiás,Pará,Maranhão,Espírito Santo,Rio Grande do Norte,Paraíba,Distrito Federal,Mato Grosso do Sul,Piauí,Alagoas,Mato Grosso,Amazonas,Sergipe,Tocantins,Rondônia,Acre,Roraima,Amapá
2008/Fev,172.83491472999998,70.3010895,48.855046460000004,45.89770482,44.122593189999996,33.41012406,26.222079100000002,24.409572920000002,27.64330486,18.14937427,20.12608101,13.452263929999999,10.03288643,9.11010887,10.87158962,10.2159568,8.27928879,9.7116802,8.1122203,7.92989493,7.934652099999999,4.63685076,5.05193207,1.9407926299999998,1.74397866,0.77168783,1.27506372
2008/Mar,170.48184956,79.11900551000001,55.61179107,52.92869592,42.89266552,41.3017034,30.71636181,27.4834805,30.085370219999998,20.992213030000002,22.14937582,14.75089533,12.26204908,10.126626539999998,12.348758140000001,11.62791826,9.79388878,10.42819109,9.21050556,9.41636768,8.64151713,5.017838070000001,5.20015187,1.95572168,2.05743902,0.8760911800000001,1.17774593
2008/Abr,170.27828595,79.04632241,56.11513582,51.97241677,45.295962859999996,42.826993619999996,30.58933279,27.80664144,31.376221,21.0494773,23.43668275,15.148647109999999,12.45346698,10.96423485,12.68096513,11.92201536,8.99754275,10.227943,10.466691939999999,9.39058803,8.53157649,5.26595103,5.34371473,2.1433538100000002,2.05782969,0.8969525300000001,1.39637151
2008/Mai,172.40218059,79.26807012,55.57483193,51.67935079,43.95134946,42.07129417,31.40955323,28.35427952,31.18990462,19.16254679,23.8610808,14.54367992,11.78978609,11.03287123,13.25841171,11.900817,9.84210859,10.56214866,9.84409603,9.37819725,9.07990215,5.36709494,5.34448799,2.28038258,2.2265779300000004,1.02728873,1.41152077
2008/Jun,175.41659583,79.60865253,56.09475474,53.75967401,44.102925770000006,39.9100424,28.947510920000003,28.993292760000003,29.46396511,20.332533920000003,23.502915899999998,14.55397806,11.889687349999999,10.45059908,12.24668633,11.96927176,10.257782,10.46508893,10.28866811,9.4503006,8.64629577,4.98103636,5.39841309,2.6245429700000003,2.1125768199999997,0.9382935400000001,1.42089201
2008/Jul,179.5250021,82.20022447,59.80240207,56.391647770000006,44.34852004,57.66456093,30.98551577,30.049455690000002,30.30269199,20.008563149999997,22.54429126,14.536700199999999,12.205584140000001,11.11905352,13.0908426,11.299443,10.16782724,10.6180797,9.3854404,9.789875380000002,8.7558065,4.92882287,5.06146161,2.97342102,2.02912801,1.00434044,1.36723547
2008/Ago,179.89807022,80.37411708,56.69900113,56.23375874,42.48793951,43.25454333,31.70529679,28.887854620000002,29.30482151,21.041071329999998,23.25914828,14.60987257,12.384068189999999,10.81284019,12.67377435,11.54845189,9.60284349,10.64591752,9.26276768,8.98781195,8.331763969999999,4.5432525,5.21329038,2.93828629,1.8868718400000002,1.04529111,1.55034063
2008/Set,180.08220371000002,82.40014679000001,58.09198579,57.91017098,43.06646147,42.851268020000006,30.7038792,30.72571878,30.43502682,21.39609851,23.66769001,15.31788185,12.48695261,11.258681529999999,12.79063917,12.4225776,10.27246674,11.03794055,9.228201960000002,8.8430616,8.14808992,4.52567682,5.20140094,2.84393091,2.0848848,1.00374089,1.55016699
2008/Out,191.68522008000002,88.6134766,61.365941219999996,59.592124909999995,44.553314549999996,43.33257368,31.16507459,31.27439562,31.741382870000002,20.6105415,23.35257775,15.617699589999999,12.84625793,10.57219095,12.72766114,12.41997684,10.81411153,11.14337571,9.464597849999999,9.237298800000001,7.68166102,4.5660523799999995,6.01307144,2.8781532000000003,2.2308384500000003,1.05506343,1.6356765
2008/Nov,190.5397388,84.48699610999999,59.66720862,57.56574208,41.351511509999995,40.946908969999996,30.88923412,29.99863578,30.4159596,19.91234749,23.53761341,15.64397386,12.88567754,10.16472086,12.45808228,12.30269899,10.371654900000001,10.58304966,9.57854001,9.4591928,7.76144521,4.71624196,5.20511437,2.78002262,2.12201312,1.22320073,1.64790331
2008/Dez,177.08638069,88.9286303,57.81619774,55.69692094,43.00978704,41.424654950000004,29.75944394,30.45460634,30.26390448,19.343787539999997,23.8361624,14.644528470000001,12.53157601,10.753451609999999,12.454203960000001,12.0056696,9.140959800000001,10.15173846,9.36124791,9.210598630000002,7.76478266,4.27262788,5.6149189,2.65180489,2.19665169,1.23652918,1.6493807600000001
2009/Jan,192.32155736,99.01815584,60.38159399,61.52238002,60.87040036,43.85659459,58.86067833,32.08220352,32.12306516,20.81788066,25.39715743,16.50917438,13.448667550000001,10.207998289999999,13.4670881,13.150489,9.771575460000001,12.41195666,10.12188147,10.03958241,8.607222740000001,5.037054400000001,6.02243754,3.14756624,2.1522392999999997,1.1862813600000002,1.7023074299999998
2009/Fev,178.59637679,83.67511983,57.23910163,52.10163777,40.65784156,41.09471703,30.04065229,29.84565579,28.875478530000002,20.20126116,23.045700699999998,15.32380001,11.90275205,10.721328369999998,12.52148465,12.358825509999999,9.64870617,10.89619727,8.994586400000001,9.3265764,8.38596292,4.98321759,5.98420971,3.08210812,2.08677561,1.10622518,1.61760391
2009/Mar,216.95159157,100.24065184,69.0704882,65.11196549,52.74936957,51.47693068,37.06014886,34.921069200000005,36.01882632,24.17411921,28.22595776,19.00052861,14.490295470000001,12.29822711,16.45449351,14.44551857,11.7842901,13.75437444,12.04099668,11.68073078,9.20712928,6.50486257,6.64096462,4.19035533,2.47636426,1.42269018,1.8633765
2009/Abr,215.05301845,91.83132537,64.05467826,61.59082891,48.89560242,49.58551341,34.83520366,33.67749955,35.4456059,22.94395273,27.47802561,17.947811129999998,14.203837609999999,11.640067279999998,15.58984409,14.43421104,11.24077037,12.570578130000001,11.65121851,11.10264347,8.160517200000001,5.77273246,6.461045179999999,4.04025162,2.3968876299999997,1.37785919,1.8992153600000001
2009/Mai,212.89024816,97.28970306999999,68.68554295,64.40229162,51.16712965,50.68698415,36.1124367,34.05348316,34.89401682,23.78190669,26.61095191,18.27448344,15.160988210000001,12.3975242,16.50708017,14.62216793,11.1554459,12.93641998,11.47107917,11.49569405,8.56232243,6.111674219999999,6.62239784,3.94642371,2.6102618,1.3638830100000001,1.92901206
2009/Jun,212.6709008,95.72339653,67.93122706,63.090640549999996,57.231407479999994,48.85110839,34.552284590000006,35.68500553,33.399345339999996,23.66898157,26.42497011,18.10811236,14.34810203,12.62931937,14.97820745,14.2094138,11.796784619999999,12.20584071,10.955769810000001,11.38642593,9.484998710000001,5.78989543,6.30260271,3.37237796,2.1740981,1.3466608899999999,1.77615594
2009/Jul,214.04123742,100.0500087,70.95876264,69.13700487999999,53.48565768,51.07507325,35.30627911,38.33770414,34.45979632,23.29372339,26.331756260000002,18.0260712,15.19860134,13.17427704,16.332259230000002,14.459081789999999,11.956687539999999,12.883412779999999,11.345518140000001,11.65885538,9.465068519999999,6.122676139999999,6.330494799999999,3.72060886,2.05188516,1.3710193700000002,1.76573176
2009/Ago,215.21253608,98.96806476,69.22578395999999,66.06262979,51.22066143,53.38605882,37.15961641,37.11005524,34.12988737,25.83554414,27.89258269,18.56652468,15.633491300000001,12.74432816,16.03749047,15.05199346,12.42033671,12.877691949999999,11.71515735,12.33907728,9.26700658,6.1056749,6.65701675,3.78732326,1.71470791,1.52969618,2.03876273
2009/Set,214.13544445,98.20211908,67.84996851999999,65.22201132000001,48.481294829999996,50.8948175,35.870149700000006,36.516827060000004,33.41035178,25.151192719999997,27.231854350000003,18.71060719,14.88433935,13.44006699,15.829092730000001,14.04571183,11.48976873,12.48661677,11.73205072,11.60018711,9.09282355,6.01991261,6.2798238,3.67936994,1.34153234,1.5734186799999998,1.82003362
2009/Out,216.05658261000002,96.96239426999999,68.55820928,67.56940919,48.66799609,50.114090450000006,36.73830753,36.2079685,33.74312925,24.72993386,27.59995769,19.04499331,14.470016359999999,13.52603442,17.07337225,13.16277524,11.69848788,12.54151667,12.05009388,11.262247369999999,9.21840734,5.85249957,6.63717555,3.8661469900000003,2.2884588999999997,1.51739192,1.80609238
2009/Nov,208.97389203999998,94.76763912999999,67.15849697,64.1891153,49.685211689999996,48.79285688,34.22013811,35.45141703,32.285582670000004,24.09013018,26.784181739999998,18.37301922,14.56115072,13.15339869,15.71838126,13.1975967,11.28678717,12.421929890000001,11.89595183,11.73497074,8.67406802,5.7229882199999995,6.4524780999999996,3.6678086000000003,2.46271279,1.59781124,1.66931882
2009/Dez,192.12709909999998,92.41277073,63.09427428,62.24428279999999,44.4078568,47.4278307,32.9466584,34.36013647,31.98144073,23.172590109999998,25.51128554,17.558736879999998,13.83295449,12.49312823,14.643961699999998,12.88950922,10.81472924,11.09820701,11.01610425,11.06538168,8.36578846,5.20110049,6.29088184,3.63347179,2.2549002000000002,1.53694182,1.55108336
2010/Jan,213.46788576,95.80655642,66.90264363,65.48838787,55.99370991,48.61276125,79.46784854,34.093173060000005,34.00196262,24.61575215,26.421157739999998,19.28209356,14.019840330000001,12.729297560000001,15.25355769,13.48404667,11.57071838,12.554360189999999,11.20058626,11.83999016,9.38694503,6.26103157,6.25563025,3.81231559,2.38153593,1.61778176,1.7130374499999999
2010/Fev,195.78479523,90.76489028,64.50113364,56.964528310000006,44.82045433,44.513251780000004,32.17425818,33.608566259999996,30.730683210000002,21.86280798,25.48355306,17.56910152,13.04182098,11.551990570000001,14.01870286,13.29573866,10.92076016,11.39806783,10.24356876,10.82651286,8.37304881,5.75403225,5.77224805,3.91177603,2.07998105,1.45229535,1.44848925
2010/Mar,239.32393216,107.38985003,77.13887059999999,69.93357714,54.457993439999996,54.612375130000004,39.706054710000004,38.776130280000004,36.10933017,26.554387039999998,28.537493859999998,21.31609003,16.87567605,15.162136630000001,16.62207593,14.92838444,13.20408581,13.60608588,13.19795695,13.2436841,10.32115001,7.057311820000001,7.12172792,4.66306075,2.56483777,1.81700416,1.85018141
2010/Abr,221.17299121000002,100.82976737999999,70.75539699,66.48683562,78.11809631,51.537423450000006,37.928940850000004,36.70500171,34.13957393,24.60712259,26.94992337,19.804547239999998,15.184135289999999,13.64931945,16.20560799,13.535496109999999,11.711475199999999,12.1571421,12.543380699999998,12.24070264,9.99016413,6.75826465,6.81594493,4.52454488,2.58831806,1.7157621,1.86022548
2010/Mai,231.77754943,105.4855678,73.45675671,69.10836747,56.007801979999996,55.43669273,44.76587618,38.08580313,36.83861426,30.10061503,28.43642505,20.646225469999997,15.91326387,14.24202319,17.03039364,14.39459986,12.671896779999999,13.077016550000002,13.186678,12.781426230000001,9.767161230000001,7.4523604400000005,7.05245827,4.77875526,2.53852567,1.93373303,1.7393710900000001
2010/Jun,223.93379866,99.66611596,71.83902089,67.57077009000001,51.43582633,47.47879939,36.269244619999995,37.686277049999994,33.48637949,24.54662705,26.947713850000003,19.8872249,15.18919744,12.55183185,15.16461287,13.863063,12.584046800000001,12.062273730000001,11.56447661,11.6140629,9.1518385,5.958403639999999,6.3542419599999995,4.3697332300000005,2.3197864100000003,1.84906595,1.82649245
2010/Jul,224.06791411,103.35699564,73.01383077,70.07475473000001,53.86128443,51.14958531,35.93063479,38.57408503,34.32045426,24.647099100000002,26.12535773,20.272804230000002,15.92949586,13.470311650000001,16.55734962,14.05158656,11.808910050000001,11.78609956,11.698448970000001,12.19393116,9.140196880000001,6.660243299999999,6.87259957,4.63243912,2.2791566000000003,1.87720462,1.82743346
2010/Ago,248.01013050999998,107.84425969,76.15100695000001,70.88400917,57.86728517,53.62680952,40.11599738,40.25618861,35.53381382,27.304926440000003,27.761867940000002,20.504334399999998,17.00098844,14.15697775,16.38138697,15.07333693,12.91715245,12.2978917,12.689693740000001,12.2131306,9.43722441,7.06151692,7.00697571,4.46430747,2.45459937,2.04606398,1.9337826
2010/Set,224.05298008000003,104.34113819,74.24096345000001,65.07979492,53.736019369999994,51.01322985,38.197831719999996,37.84022077,34.0341625,26.55759508,27.280175149999998,20.002266780000003,16.05530015,13.940868,15.59516302,14.6367244,12.42967806,11.99693827,12.333599130000001,11.92368394,9.74268049,6.92462871,6.6819519199999995,4.668642019999999,2.57892375,1.93948867,1.72122414
2010/Out,238.93545274000002,100.52540388,73.04238670000001,66.55601562,52.371157049999994,51.499348409999996,39.41065325,38.96385534,34.09212470000001,24.729254,26.52206212,19.67626018,16.76368401,13.27205748,15.6941234,14.05206336,12.52668104,12.3589503,12.24886723,11.70337519,9.99668644,6.66360422,6.80528069,4.4903682300000005,2.62544329,1.75767571,1.67941024
2010/Nov,225.48405946,101.9436255,76.36475027,66.09703085,50.22061543,51.20630737,37.84316954,38.29733952,32.80774983,24.00696352,26.68766381,19.1810188,16.48737966,13.47310756,15.58465756,14.27701684,12.30536094,11.68638333,12.10349269,11.48491722,9.53287827,6.69115075,6.574975360000001,4.42384008,2.51299515,1.52824534,1.6722338700000001
2010/Dez,210.61146051,99.5389536,70.51763839,61.73709813,50.89132843,49.57924989,38.12404311,34.73671557,33.2088445,23.93832742,26.322040530000002,18.37277076,15.45949521,12.78892915,14.675341730000001,12.47475739,11.19003282,11.41274789,10.972429230000001,11.23113425,9.33580305,6.4146423,6.38615799,4.3844300899999995,2.50058976,1.4851666000000001,1.51478777
2011/Jan,229.08700284,107.73891581999999,74.71278407,66.91891309,74.00561829,53.682160159999995,41.17605361,38.83971596,34.637771869999995,25.57915899,27.9997892,20.558875989999997,16.03003121,12.51657932,14.904674539999998,14.61165544,11.89402789,14.558579439999999,11.056588960000001,11.689015869999999,9.800511519999999,6.96822401,6.94186925,4.17352995,2.7495216499999997,1.60488645,1.86589298
2011/Fev,221.59804365,103.14077307,71.31474025,61.370763600000004,61.109436880000004,50.661593159999995,38.0339636,37.219889130000006,34.64938956,25.47149882,26.17089265,19.97762975,15.811419599999999,13.77568396,15.59084164,13.51024387,11.69174582,12.26575709,11.826444960000002,10.872461880000001,9.46166454,6.1181380899999995,6.5990816500000005,4.29308561,2.47351582,1.22017672,1.6841783300000002
2011/Mar,241.39991484,111.06599594,76.91466809,69.0049748,55.32099884,54.91984532,42.147954090000006,40.78602482,37.65801221,29.96467113,29.193123800000002,21.051962550000002,17.702137739999998,14.970286869999999,16.41489676,15.156900720000001,13.24393373,13.18765173,13.17854652,12.323295289999999,10.95454577,6.6914727,7.41370596,4.674947019999999,2.80144623,1.27612086,1.91670022
2011/Abr,229.82123445,106.09432928,74.23293737,66.22506829,55.806371229999996,54.32403931,41.30124311,39.12331067,35.6833873,26.87381669,27.29475931,20.42785983,16.397384199999998,13.98461576,15.02195587,14.830081289999999,12.611967810000001,12.67841726,12.26024974,11.87588432,10.529645039999998,6.940307059999999,7.0526963,5.087527809999999,2.67280331,1.37994219,1.9619760400000001
2011/Mai,250.79356977,115.48719935,81.70902105,72.17266973999999,59.07137086,56.094527670000005,43.51473075,42.6303664,37.26004655,27.667551539999998,27.75932787,20.394245379999997,17.70742211,15.30939475,15.64387548,15.03980335,13.43513924,12.67520511,13.92954592,12.16003615,10.10549401,7.30390916,7.3479721200000006,4.72419254,3.1355212999999997,1.67912267,1.86883595
2011/Jun,236.80748884,110.06246087999999,74.99429281,70.77099238,55.20597121,52.21171168,40.56319168,40.9450347,35.86732804,26.40330655,26.45884752,19.651953640000002,17.61897632,14.67497435,14.73275629,14.53359349,12.9952725,12.16007686,13.07777057,11.89646692,9.96635903,6.57115861,7.195700990000001,4.69011205,2.71904465,1.77032467,1.6443998400000002
2011/Jul,240.198575,110.09695971,77.03153232,70.83535817,54.55125819,55.14466828,43.39178215,41.80544193,35.17821683,26.844970280000002,25.646178940000002,19.99670068,17.45588616,14.91168635,14.671783099999999,14.15227774,13.18712848,11.9190673,12.38468224,11.90691401,9.97284716,6.75862662,6.692342099999999,4.31948817,2.81455089,1.64615739,1.75461159
2011/Ago,247.77001622,114.96708294,80.71111215,73.67439094,57.979288329999996,62.94118275,45.71825949,43.011356979999995,37.36468023,28.86759387,27.348214640000002,21.58070366,19.18861012,15.09185751,15.63726411,16.20328214,12.77517856,12.15912451,13.50551697,12.51643155,9.96589392,7.010745780000001,7.35456365,4.778472219999999,2.92352936,1.6563795,1.89626648
2011/Set,233.27928679,109.7605262,75.62824777,68.3459745,53.22438392,55.09556114,40.91283126,39.87985008,35.23907035,27.69662704,27.12207856,20.245794420000003,16.778443829999997,14.66346645,15.35748301,15.54533316,12.413572779999999,12.56283487,12.25097037,11.99745495,9.86103002,6.23686339,7.001655769999999,4.20280584,2.80454695,1.80245034,1.8057833
2011/Out,232.14220382,111.44529868000001,77.69067156,70.41113431999999,53.04003842,56.91992905,42.8573882,41.062664170000005,36.94796107,28.804485460000002,27.151997820000002,20.33376864,17.4914937,14.558218980000001,14.985747960000001,14.984401720000001,12.26428991,12.20349551,12.51091909,12.37370966,10.20664146,6.64298253,7.163042269999999,4.372265769999999,2.7732029799999998,1.85613144,1.89007125
2011/Nov,223.376817,107.45512344,75.10279758,68.00892209999999,49.79522774,53.594727479999996,42.48770305,39.076312009999995,34.802724850000004,26.65107197,27.07676656,20.641565649999997,17.52715196,14.19870051,14.98977707,14.51763925,12.36356612,12.160989359999999,11.79479534,12.03504067,10.735915349999999,6.49091725,7.38743212,4.38902581,2.71116825,1.65552198,1.82448966
2011/Dez,208.27518655,107.70719905,69.16536612,65.69203928,47.978400439999994,52.88458916,40.12885685,36.8189051,33.07764992,24.57896148,25.93560325,20.04205218,16.29780756,12.53358682,14.06849989,13.66013957,11.847750529999999,11.60873533,11.053272199999999,11.17633425,8.70276618,6.77433441,6.91893772,4.04533934,2.76518744,1.62035106,1.59620103
2012/Jan,236.79309761000002,119.72912395,74.22395949,71.52379574,66.70478522,56.2368708,42.61636472,40.49470922,36.09685716,27.68435119,26.931701789999998,21.66784268,17.14805304,13.94918034,14.50113633,15.24341025,12.70824294,12.83414049,12.15118251,11.610941960000002,10.037664679999999,7.21287209,6.91162924,4.47272153,2.80427511,1.60553638,1.87646636
2012/Fev,219.39194971,107.15208811,72.96620862,64.13504124,47.2710405,51.30319823,39.879763090000004,39.17412019,32.14262723,26.636417690000002,25.38931074,19.843187399999998,16.78661791,13.731504699999999,13.78588574,14.058287029999999,12.25835015,11.61110159,11.536047609999999,11.14514692,8.9777281,6.6892855,6.8613057,4.4174862,2.46038333,1.62515947,1.79017691
2012/Mar,245.94826679,122.16346617,80.91312373000001,73.62356814,59.34338090999999,60.62298899,45.78800465,43.074967640000004,36.33166236,29.59403058,28.70461293,22.31131533,18.660232190000002,15.96224968,15.44869292,15.75645246,14.18259188,12.74398218,13.019839939999999,13.09205907,11.04868639,7.24128982,7.96264254,4.85979535,3.06214631,1.76860561,1.91402623
2012/Abr,230.94185255000002,112.56927874,78.13677681,69.01025819,54.013055539999996,56.05419458,43.584966630000004,42.57781089,37.735485880000006,28.02919367,26.847966600000003,21.93671014,17.05261759,14.074322630000001,14.8720143,15.26466996,12.6957419,12.21123016,11.78848417,12.64490477,10.4722904,6.75920852,7.56956903,4.59000882,2.78046609,1.5890726899999998,1.87300995
2012/Mai,251.69721841999998,125.66712462999999,85.40150652,76.607693,60.7505958,60.52144827,47.97737368,45.91507224,38.66241092,27.53269046,28.53647938,23.86547984,18.723134379999998,15.274938970000001,16.622176070000002,15.568002779999999,14.76260011,13.64191612,13.059475039999999,13.74193746,11.49037742,7.67277496,7.8735445,4.57946354,2.81147116,1.9826571100000001,2.1412713599999997
2012/Jun,234.25724225,115.76164239,77.80115384999999,74.78542389,55.98781114,56.236173439999995,43.13883628,43.11034634000001,35.66316149,27.75504717,24.989145960000002,21.477051210000003,18.13786029,14.41773749,14.90268751,15.122475439999999,12.97543465,12.51337469,12.10632502,12.13302298,10.677441179999999,7.03372991,7.029694259999999,4.46785899,2.81301239,1.78255743,1.85815383
2012/Jul,244.24523034,122.00727721999999,83.52069095,76.91694725,56.45656443,59.43381078,46.77199946,45.05511654,35.93479617,26.725240890000002,23.91541075,22.217034780000002,19.88077872,16.23430986,16.0584934,15.049839460000001,14.39205682,13.24110164,12.85313025,13.41339753,11.01001057,6.67011321,7.3097563,4.16029603,2.9469767200000003,1.74356281,2.00851181
2012/Ago,252.18976902,123.93192367,83.83996103,78.75812555,58.52577394,59.2159965,49.23776312,47.248755270000004,37.3114864,30.35726597,25.33930828,22.983350390000002,19.37550224,15.6100186,16.21903077,15.49855436,14.21926716,13.237685630000001,12.6915056,12.803915369999999,10.766405240000001,6.98143492,7.533961400000001,4.31500538,2.8015901299999997,1.82272418,2.09138806
2012/Set,238.13245609,114.79220087,79.1879891,69.41347517,53.05749045,54.81390657,44.628398270000005,43.236537090000006,34.85016208,28.01940458,26.46352852,21.29956346,19.258247920000002,12.22952701,15.37479425,15.242942800000002,13.02212335,12.92089243,12.14264164,12.32609633,9.5697129,6.716706,7.065536,4.04331446,3.08989824,1.63745804,1.95505892
2012/Out,278.81990914,122.09921056,84.98853101,77.15556205,57.949268,55.99742252,47.31806611,44.68603831,36.964075369999996,29.36596745,27.07893915,20.97812404,19.20034035,14.79989201,15.16736107,15.813900689999999,14.00524897,13.014911779999998,12.86047041,12.97531573,9.98982259,7.30229437,7.2539452,4.289759650000001,3.04907115,1.37424723,2.0673575
2012/Nov,225.77586012999998,112.21164727,78.72614677,69.5908969,51.632756439999994,54.660179670000005,44.686685409999995,41.1913603,34.41653218,27.06988932,25.649589969999997,19.399117399999998,17.95688669,14.132316710000001,15.12901984,13.666331640000001,13.03849792,12.09953709,12.23510781,12.099723619999999,9.95792562,6.49597981,7.05942807,4.13860085,2.85802889,1.61327045,1.87548025
2012/Dez,215.78041093000002,110.2691654,71.08653043000001,67.26719631,47.80777669,53.81856653,43.153098130000004,36.93563465,32.662038100000004,25.62099177,24.23125958,18.63416375,18.264308059999998,12.87849494,14.00753473,13.16822945,11.88121815,11.893570279999999,11.6775943,11.70193675,8.918794960000001,6.35196746,7.12617536,3.9667443,2.64214091,1.58656921,1.69809696
2013/Jan,253.13677893000002,120.40818168000001,81.23360417,78.34644399,101.63954267,55.57335121,50.672652049999996,44.88145322,38.34908102,29.45778197,27.48823567,25.20036251,19.12332052,14.75779833,15.55418001,14.10284197,13.73038217,13.407770119999999,12.74861609,12.92707768,10.85559098,7.2079530599999995,7.1497269,4.47169332,2.77480296,1.71299469,1.98415033
2013/Fev,222.4495292,107.89464744,73.97680167,66.86756281,51.149155060000005,49.62950164,43.69125274,40.454271520000006,35.71093571,27.6940123,24.85860641,21.445241149999998,17.94135817,13.55950612,14.712501849999999,14.46358448,12.661202289999999,12.22739596,11.5387115,11.34465997,9.42947472,6.31389986,6.86739784,4.378412900000001,2.65039104,1.4831953,1.81696655
2013/Mar,254.93824241,126.11786662,83.9344661,76.56294015,57.51896422,57.98529733,50.71961872999999,45.61374907,37.8140067,31.49331962,28.38595537,23.985012989999998,19.869295440000002,15.838411279999999,16.41824441,16.20427468,13.981801710000001,13.95768519,13.92983186,13.62832637,10.1701309,7.35436934,7.93078814,5.49594692,2.81305949,1.78341148,2.05421374
2013/Abr,262.64986582,131.2528953,91.65882798,82.70569147,63.649897509999995,60.18916987,52.19668676,49.01388577,41.827390369999996,33.8851583,29.935288760000002,24.5231222,19.89029523,17.44002433,17.311199769999998,16.66120889,14.908567,15.15921627,14.40231114,13.33971757,10.53942815,7.57431116,7.84319737,5.38089026,2.90625788,1.71308373,2.21299419
2013/Mai,262.50997531999997,128.90889764,87.74736352,82.8553873,63.74211257,61.450345670000004,55.80445121,49.00408328,43.07282135,31.952066679999998,30.03111355,24.94908224,19.97977302,16.749166810000002,17.47956389,17.0354569,13.99006333,14.65184508,14.8431283,13.550755070000001,11.11003676,7.21846289,7.98553408,5.17001534,2.89327556,1.72446455,2.12715129
2013/Jun,254.00302272,126.74969943,87.78625731999999,80.63841168,61.60929774,57.60815648,52.17537116,49.08384068,38.19405344,30.69330671,28.28777949,23.923607230000002,19.406981920000003,15.541512939999999,15.895477080000001,15.936938199999998,14.03423859,14.82207298,14.70006189,13.04761448,10.46711016,7.08756373,7.33972475,4.89958621,2.6878614300000003,1.9653469099999998,2.0300729
2013/Jul,263.07196769,132.07937742000001,91.3001665,87.45653874,60.961363299999995,63.26619729,54.41889131,51.627615590000005,41.101106030000004,30.69402794,27.83418835,24.26032735,20.365841760000002,16.88348954,17.26459847,15.619909980000001,14.48984207,14.37421821,15.44677761,12.69211231,10.40064204,6.98796176,6.97338581,5.52695919,2.94038736,1.8350943,2.01898922
2013/Ago,265.89136031,130.21863431,92.86658349,84.52638995000001,61.533049950000006,62.25763864,57.41486105,50.20208487,42.52545989,32.84813494,28.495723690000002,24.690945460000002,20.87655266,16.13854788,16.78935935,17.2074264,14.317099429999999,14.09125229,14.224278779999999,13.55222624,10.85121249,7.24286323,7.2827197,5.8896853899999995,2.89594114,1.81609181,2.03026574
2013/Set,261.81295134,128.83491424,88.69311676999999,81.98392189,59.69309962,62.16383325,57.17943448,49.99015594,42.49288120000001,32.80370969,28.476294929999998,24.827957989999998,19.75834574,16.14123437,16.4779333,15.938775369999998,14.9666825,13.85994348,14.662410509999999,12.948758029999999,10.420922289999998,7.10243326,7.583823219999999,6.367552030000001,2.82479619,1.74144949,1.99837804
2013/Out,283.88012583,134.27596554,92.45350476,87.4523301,60.82081831,64.72926856000001,57.83404327,53.21413241,42.08234142,32.69700098,29.35643761,25.946591039999998,21.1459268,16.16157567,16.56038514,16.919100739999998,15.07739404,14.082278800000001,15.03668557,14.073754390000001,10.59900025,7.51850756,7.60201031,6.299844719999999,3.03423268,1.7795228,2.30238278
2013/Nov,247.97995213,123.88883702,82.38602999,82.65369149,54.05503239,59.20273098,54.20888993,49.771808920000005,39.804364,30.99551182,28.08621941,24.020335210000002,19.684239719999997,14.4195146,15.69958532,14.95090668,14.31350117,13.19495782,13.67458111,13.302924189999999,10.244521599999999,6.72492491,7.16666822,6.68586176,2.6823706499999997,1.69845051,1.9145233899999998
2013/Dez,230.48163233000002,124.20866826000001,76.97728436,77.63656705,53.07602699,57.27746821,52.43106239,43.44054524,38.78896855,29.448208140000002,27.12500459,23.1748158,18.86888232,14.117580310000001,15.199279480000001,14.38554052,13.360775960000002,12.19580815,12.076711029999998,12.03435069,9.306819970000001,6.55990426,6.8019912,6.16303606,2.680655,1.73985556,1.8615383799999998
2014/Jan,269.47173549,134.1561548,85.53591311,83.65572566,66.95569802,62.65012771,56.39945334,48.16631329,43.40608099,31.99160157,29.76726618,25.507397809999997,19.44701621,14.49597222,16.36923836,15.34726506,14.476457539999998,14.07314403,19.89787272,13.117006,9.474986900000001,7.46888842,7.1456549,6.349302,2.8805701200000002,1.64961713,2.17583082
2014/Fev,250.40240963999997,127.95165433,82.97433396,75.58444338,56.52384307,58.83415547,53.76765908,46.18740207,40.37055934000001,30.186539059999998,27.83538047,23.79654382,19.41198568,15.446589320000001,15.38364893,14.53839824,13.378691640000001,13.34065342,12.32639097,12.80437454,8.22511803,6.6371628,6.69230482,6.059111349999999,2.61147972,1.44469749,1.8357606000000002
2014/Mar,264.11021192,135.66519686,88.16928683,82.96505306,60.54154758,61.07449707,56.93141943,50.67498496,42.99511012,30.97498977,29.16341518,26.335073329999997,20.97796339,15.63316365,16.333987439999998,17.06047032,14.78485066,14.00883963,13.64552042,14.25460483,9.9239801,7.02000305,7.21601689,6.74043614,3.0261177000000004,1.82839554,2.03006308
2014/Abr,258.79894355,138.37717469999998,86.56372973,83.58585375,58.574440020000004,63.244494270000004,56.49271444,50.13328613,43.49139246,33.67244769,29.55556223,26.00899998,20.3726583,16.870824640000002,16.79602557,17.18159931,14.2369614,13.96476606,13.39488991,14.03817078,10.308887720000001,7.17793028,7.59366616,6.58424921,3.11643345,1.74347424,2.1704459799999998
2014/Mai,279.68897763,144.30355286000002,92.56832461,87.82140554,62.125146,66.19457343,60.73951881,52.07041011,45.375942020000004,34.12218842,29.90653473,26.222404440000002,22.330461670000002,18.06927941,17.35724308,17.25523112,16.186722,14.459727730000001,14.397326029999999,14.599236300000001,10.39810616,7.45710646,7.938065440000001,7.55808791,3.16655772,1.93937914,1.92514916
2014/Jun,263.42982531,134.14314346,87.76735512,85.17600881,63.6097099,58.20672334,56.866104240000006,52.660305560000005,43.57889104,32.48009298,28.1634134,24.68868501,21.090092170000002,16.23449193,16.14206665,16.249619640000002,14.707272199999998,13.753793880000002,13.67877174,13.846204380000001,10.61320866,6.7337432,7.45387463,6.93486498,3.1387597400000002,1.77853078,1.83911366
2014/Jul,277.89578558999995,142.59669151,94.61406692,90.59215629,66.14392535,66.29907859000001,60.94320881,56.21559689,44.45537537,33.30355127,29.16272748,26.22695569,21.98216959,17.895994390000002,17.118592149999998,15.58721518,15.41781214,14.60864802,14.84350614,14.70953015,10.530622359999999,6.67129558,7.6667923600000005,7.15061114,3.01189865,1.83932194,1.94005621
2014/Ago,278.1639715,138.77411263,91.49412119,89.98004686,64.97411377,65.8188773,61.86864919,55.324178409999995,43.55468226,34.444400159999994,29.04220836,26.179528670000003,22.80498755,16.240425939999998,16.517254,14.95461088,15.6624941,14.70754363,14.481399,13.939134359999999,10.78944965,6.98949,7.67132007,6.95788267,3.11143136,1.81800317,1.92035335
2014/Set,283.48895785,139.25742521,91.34304575,90.63554474,65.13661424,66.00560583,63.477384969999996,54.8004077,43.024685909999995,35.77940372,29.65786887,26.06668011,21.86310385,16.32561703,16.787470589999998,14.30993108,15.34150178,14.43947637,15.44600419,13.6446179,11.37308593,8.1126804,7.6478945099999995,7.057715900000001,2.6305603900000003,1.89092498,1.96689786
2014/Out,277.24432524,143.67646188,94.90437335,93.41654853,63.994985920000005,67.82302471,61.10128528,53.963254369999994,43.55254465,35.382520840000005,28.900904079999997,26.20706217,22.52236857,17.07831428,16.734999730000002,13.765945140000001,15.48049635,14.29327406,15.36519667,14.958564619999999,11.78049451,7.590057900000001,8.1986529,7.096778400000001,3.07989404,1.79237675,2.00256003
2014/Nov,256.17503819,136.08071706,87.56587066,86.54682684999999,60.32741657,61.44698235,57.31908925,50.7815707,41.20505549,34.38726907,29.55082716,24.97603703,21.38948683,16.55363998,16.03622651,14.020609039999998,14.624058439999999,13.865890039999998,14.44544007,13.680626689999999,11.27553244,7.590459190000001,6.95790345,6.965306559999999,3.1916639300000003,1.9291948700000001,1.5463586299999998
2014/Dez,241.67627649000002,131.24134853,80.30327943,81.25360798,62.25317990999999,58.530316469999995,55.90940084,48.01738337,41.322680420000005,32.85115706,27.96249197,22.97911671,20.805510820000002,15.860056929999999,14.7802878,13.73078149,13.751928710000001,13.20083652,13.37688678,12.81156648,10.9595445,6.59604721,7.091428860000001,6.80354472,2.8628249500000003,1.92745243,1.4440871100000001
2015/Jan,265.63723734,131.69563874,83.53911638,85.25147826999999,65.22949128,61.10795189,58.47216584,50.08335958,40.9937375,33.00727766,28.691072010000003,24.74872311,21.10626386,15.834842779999999,15.39890801,12.28586367,14.71058661,13.59781108,13.27486757,13.43695156,12.14985706,7.84309234,6.5095547300000005,6.98369879,3.1365225299999997,1.95267949,1.64386704
2015/Fev,238.22885291,126.03651047,79.57352324,75.24426384,57.602515149999995,54.94742875,54.02732556,45.51268567,39.541875329999996,32.00042817,26.549566210000002,23.0038801,20.05126768,14.7751749,13.52569018,11.94645793,13.50832895,12.61533121,12.19975861,12.774769970000001,11.3639819,7.19694468,6.15080812,6.62405946,2.9018297000000004,1.65014301,1.59687207
2015/Mar,285.41673348,150.87504127,97.76385309999999,95.20707562999999,67.92851417,69.40803896,63.94578464,54.932727549999996,45.20722627000001,38.24378325,31.911102109999998,28.10920387,24.110409949999998,18.63954797,16.95113159,16.99351309,16.60436715,14.86827977,16.54837234,15.503274189999999,13.37923772,8.40531498,6.98799201,7.50159628,3.04347478,1.80673029,1.94147546
2015/Abr,264.97707359000003,142.58164131,89.98120623999999,86.94222917,62.415640659999994,63.11781699,61.041726149999995,51.985407869999996,44.15923224,35.090536840000006,29.75085464,27.54778824,21.302634649999998,17.463935460000002,16.46141563,15.98940075,15.15709125,14.763842859999999,14.870168300000001,14.76813725,13.15916882,8.5214639,7.08956937,7.36502291,3.13947252,1.96724927,1.87984954
2015/Mai,276.96231295,146.10451761000002,94.20151778,91.88853634,71.09465814,66.62846392,65.44233541,54.968168799999994,43.10462826,35.862048460000004,31.054967780000002,27.85120022,22.841140149999998,18.4419063,16.91406206,15.24815843,15.502849679999999,14.66678568,15.27321463,15.456624269999999,12.962255410000001,8.86222282,6.79743868,7.64573488,3.09643052,2.00223947,1.8838853
2015/Jun,271.9344606,142.89553096,94.11069323999999,90.00769088,69.53058915000001,64.20349681,60.373049710000004,54.72472296,44.51865907,34.54180203,29.235281559999997,25.35564536,22.570531170000002,17.78444468,15.818047960000001,15.1699334,15.93436442,14.438436119999999,14.99696734,14.04384409,13.423538070000001,7.65325031,7.054458820000001,7.54561991,3.33448241,2.20046533,2.02712941
2015/Jul,275.66249833,137.93992552,97.51682203,92.60361728,73.63258504000001,68.29775799,62.1494846,57.327402219999996,45.13234962,35.970784880000004,29.50144059,27.14508093,25.126290219999998,19.203746350000003,17.08132783,14.58493345,16.52726393,14.45775247,15.291175699999998,15.301276960000001,13.25384431,8.60622214,6.57682003,7.43860496,2.95321226,2.23054402,2.0115121
2015/Ago,279.42652863,140.77692148,99.11833219,90.47394446,68.64434707,68.36773262999999,60.775328619999996,55.39204022,46.76331518,35.70815451,28.93180495,27.05706267,23.28486041,18.47514093,17.065636079999997,15.25371089,15.862246769999999,14.918042400000001,14.579558630000001,14.906771529999999,13.45742249,8.80425842,6.77702662,7.23361824,3.16207503,2.2854675299999996,2.0112129199999997
2015/Set,265.44621319,137.73378602,95.94089473000001,87.34776793,66.59633821,66.48705916,57.258128240000005,55.51666908,44.13291,36.139653200000005,29.47681094,26.095608,22.39718109,18.225975899999998,16.7315917,15.83181605,15.30211892,14.93536443,14.20690405,14.14622575,12.622284089999999,8.92578757,6.3543348,7.42598115,3.10985627,2.21519154,2.09980971
2015/Out,265.60621169999996,140.16222198,98.26348546999999,87.83400112999999,67.99601445,66.31388535,59.95561088,55.68522809,45.89492372,35.272066200000005,29.458486920000002,26.47982313,23.69742039,18.26281706,16.50843364,14.37056276,15.40213294,14.77801273,14.85614785,14.840947439999999,13.08804045,8.627422050000002,6.40961656,7.6543155800000005,3.1770876400000003,2.00587076,1.85274603
2015/Nov,254.55668611000002,134.37352499000002,98.7919845,86.43958598,63.49819653,67.21035143,56.50370805,55.06465549,43.00023127,33.69140047,28.477062760000003,24.29501899,22.83410187,16.917374239999997,15.909632890000001,14.39632833,14.07263915,14.27865398,14.29704754,14.82604663,11.49562809,8.37417144,5.79383487,7.4290062400000005,3.09786879,1.93720801,1.7857547
2015/Dez,243.99913358,129.6322703,88.99607581999999,80.72170752,60.00803369,59.46219064,54.4469449,48.13868273,41.558755829999996,32.44356954,27.48949715,23.48160393,22.484167739999997,16.6215344,14.39425406,14.06926882,14.39317171,13.980063869999999,13.72668597,14.02710289,11.59667158,6.775642700000001,5.471576160000001,7.58076875,3.05999259,2.0000281,1.58290481
2016/Jan,260.38224188,131.12346642,93.32414908,85.43516582,66.13241007,65.50921478000001,57.710301030000004,53.20322528,43.54726494,33.02075654,28.500205129999998,25.3052644,23.55531586,17.06439741,15.121711529999999,15.55648741,15.40329701,14.65266055,13.651455210000002,14.52240972,11.543911289999999,7.55737033,5.98465732,7.0251756,3.1681909100000003,2.30694641,1.64332769
2016/Fev,249.74007776,127.36360581,91.92587655,79.21193113,60.02933706,62.76948503,55.58387671,50.967801789999996,41.1068723,32.72119225,27.17992078,24.7504771,22.3361373,16.62782282,14.570163449999999,15.62979861,15.07753475,14.211959720000001,13.006011789999999,14.41491894,11.99024208,8.189897179999999,6.13531966,6.760305809999999,3.0379228,2.0009249,1.63417849
2016/Mar,281.42627577999997,144.10512289,106.1991392,89.81793775,68.60937964,72.36743183,62.032178130000005,57.60460618,45.69229237,36.408433159999994,31.117998989999997,27.033644239999997,26.42049656,18.525680920000003,16.69366487,16.6927613,16.63932385,15.77552734,15.63697637,16.09938426,13.50890638,9.250036660000001,6.57831907,7.77982221,3.27159956,2.33321837,1.8759818000000001
2016/Abr,266.6868187,136.0158927,100.62196913,85.29735228,62.93114041,67.41421202,59.11981414,55.325830509999996,44.06113842,33.45528576,30.19262629,26.49781167,24.3557075,18.41120345,16.53510266,15.92207667,15.795236630000002,15.72401335,14.66691383,15.27570367,13.06764544,8.759100779999999,6.8290726699999995,7.70789266,3.20789315,2.06971658,1.92746131
2016/Mai,277.20730795,143.17850493,105.82998744,91.26110684,65.52817842,70.80631826999999,61.88129571,58.52553727,47.70207343,34.410079100000004,31.09965536,27.61387663,26.58094754,19.98192916,17.69211748,17.50363122,17.03086102,16.420434619999998,15.72844255,15.95896389,13.63362787,8.9451558,6.69220088,8.5605299,3.4023937,2.10513054,1.9217056499999998
2016/Jun,277.87554889999996,140.72212767,107.37048861,91.31001617,64.77295664,67.05911105,61.422837210000004,61.2118395,47.59276797,35.562330100000004,30.9208589,26.54108489,24.89177442,18.19656943,15.780382269999999,17.529009969999997,16.8821876,16.255227089999998,15.08815362,15.58636803,13.143225359999999,9.094975369999998,6.68579303,8.35516566,3.38064497,2.39006015,2.07585244
2016/Jul,271.35092757999996,137.00214167,106.29648992,90.98832952,84.17199764,70.73306486,60.6258351,63.992868539999996,46.22027885,32.7521845,29.97124977,25.98388392,26.24315441,17.59642867,16.02454841,16.54785494,16.41406406,15.885221210000001,15.72956842,15.184179550000001,12.69241945,9.02204057,6.34995578,7.8457099800000005,3.56610755,2.32471008,1.8742278600000002
2016/Ago,278.92920981,143.74302018,111.18045475,93.71541741,68.27532599,73.47265134999999,65.00876149,58.64621656,47.94947012,35.82929943,32.16079999,27.76128988,26.13601492,16.55329383,16.82835047,17.770626699999998,16.50194124,16.31745871,16.3256272,16.20912259,12.51796268,7.4843382,6.3644494400000005,7.93114633,3.52320857,2.47690343,1.80464032
2016/Set,265.84450038,136.14565965,104.10512415000001,86.87232619,63.48684297,68.45440022,59.72703744,56.24758551,45.27340951,33.970973189999995,32.27108366,26.25805733,23.78287202,13.67228729,16.10616852,16.58893142,16.56027708,15.69922571,14.22278025,15.01367123,11.6344534,9.18798001,5.80255993,7.55494174,3.1739324300000002,2.2125165,1.75859638
2016/Out,266.32500123,138.40862287000002,105.53014867,87.08997507,63.88855528,68.14098251,60.484329380000005,56.50927864,43.50142633,32.71912655,30.090090280000002,25.34309327,24.71663341,19.082523579999997,15.42991133,17.42087975,15.450100359999999,15.2929621,14.79660093,15.11133272,12.1217752,8.38973681,6.09559853,7.96367401,2.9110801800000004,2.34908457,1.7665041499999998
2016/Nov,257.13377330000003,129.52889252,101.12300143,81.91963976000001,59.479974340000005,64.21952649,59.50753736,53.30699611,43.76936637,31.342934940000003,30.1901601,23.76059344,24.40927146,16.78552238,15.07157609,16.55198173,15.36281506,14.904386720000002,13.923196769999999,13.41433243,10.806653189999999,7.51095982,6.143712099999999,6.96451259,3.08265271,2.1848368,1.60300031
2016/Dez,247.76405487,132.62861772,96.70876109999999,81.59947803,61.234706179999996,61.66917859,59.41282055,49.12149892,42.22490599,30.95372201,29.39965385,21.54518848,25.30491968,17.24158989,14.408708769999999,16.10863474,14.7809965,14.30340101,13.02563374,13.60669044,11.93390228,7.36290421,6.3005534800000005,7.1744455700000005,3.17350952,2.38005758,1.74778008
2017/Jan,270.91034153,139.05293122,103.8552713,87.25598799,68.09372389,68.60587022,61.72916509,52.42113568,44.44696572,34.029884100000004,31.59825646,25.914947429999998,24.96155027,17.959290059999997,15.31115384,18.09776483,16.56067733,15.6501585,14.99612494,14.81470716,12.21414815,8.27658607,6.19897034,7.00723618,3.00972719,2.3703596200000003,1.8188741499999999
2017/Fev,247.30459141999998,129.33037204000001,96.4642841,76.0704202,61.22965834,60.42262396,56.3170235,50.13417782,41.01707043,30.91448978,28.2193534,24.69692236,22.510666960000002,16.12695692,14.34872645,15.39227358,14.50273375,14.62296452,13.33387977,13.94647126,11.689140720000001,7.851142769999999,5.949471900000001,7.15471019,3.13447101,2.25652994,1.55858521
2017/Mar,288.97535257,150.24220174,119.14149381,93.116698,70.30286022,72.16770009999999,66.84775221,58.977072549999995,48.43370873,37.525906729999996,34.021215170000005,28.66847511,27.03540752,19.36626916,18.647794670000003,18.69934869,17.888222969999998,16.81893013,16.23258723,16.4379156,13.4747198,8.5666284,7.3905294900000005,8.762491599999999,3.5867812999999997,2.60219108,2.04091024
2017/Abr,263.47175913,136.71509944,106.02768778000001,83.18837966,64.52450656,65.64766521,63.61406264,54.10497628,44.43868132,33.65065421,30.54003673,26.096854699999998,24.90081695,18.22530241,16.71032848,16.523664460000003,15.64660191,15.76167942,15.260073740000001,15.835149880000001,13.71783175,8.505926220000001,6.19683414,8.13348855,2.8113654300000004,2.3921603,1.81347793
2017/Mai,292.11340478,153.41211969,120.53531296,95.14994863,74.31706487000001,75.54964406,70.06041104,60.19592905,47.75943366,37.00197044,33.921112990000005,29.02665211,26.7079934,20.22742564,18.77468027,15.5319986,18.21208117,16.97946475,16.73481688,16.543674210000002,13.909566029999999,9.086764550000002,6.542051610000001,8.14063949,3.1614465299999996,2.76153623,2.12567711
2017/Jun,274.30107313999997,144.29143809,111.72526122,93.17241499,69.85402857,67.48975547,65.93122802,58.2960665,47.7534312,33.66385368,31.80859747,27.315185489999998,25.313642379999997,18.86144544,17.436389329999997,18.57361032,16.3230176,15.51418316,15.50816995,16.19403775,13.718828460000001,8.668664289999999,6.590321019999999,8.0412488,3.35522335,2.69921385,2.12857823
2017/Jul,283.53461742,147.53349674,118.59017207,94.41525759000001,73.15485455,71.94511375,66.68633296,58.36242447,47.80081245,33.95834189,32.133134420000005,28.47906068,26.0219255,18.76651459,17.99520252,17.54137812,16.89256636,15.403020269999999,16.47513453,16.50840255,14.39621086,9.021660599999999,6.1487823399999995,8.19903267,3.56269154,2.68274628,1.87312082
2017/Ago,300.59373896,156.05555343,122.12283572,94.22815801,74.54192499,74.14926996,71.40736066,60.18108042,48.45553104,36.89936718,33.770556649999996,29.340983809999997,26.797874699999998,20.02897678,19.35170153,19.14309184,17.01978773,15.7205993,16.99318355,16.74937727,13.745304220000001,8.965880619999998,6.4852592,8.36338607,3.37529664,2.8911002000000003,1.99085021
2017/Set,267.29724395,142.28510384,110.65614771999999,86.42477365,68.72944679999999,68.13850052,63.9178687,55.16833949,45.91145082,32.72145805,32.97992538,27.271119780000003,25.33630529,18.5312626,18.646289969999998,17.94984452,15.80830419,15.30738792,16.0398911,15.41629284,13.97979294,8.464509210000001,5.585288,7.8898195,3.34149758,2.73767778,1.92080756
2017/Out,287.11478448,148.30609414,117.56769191,91.59817914,73.08489963,71.75453281,69.13965379999999,56.65527859,49.1678649,35.62149615,33.66504235,28.743285699999998,26.87583629,18.12257713,18.245810010000003,18.20021374,16.07164595,15.6563461,16.428152869999998,16.25154559,13.895515900000001,8.67932584,5.603258019999999,8.60394385,3.35837805,2.69372629,1.9151766399999999
2017/Nov,267.11324903999997,142.32394476,112.45752294,85.79370048,69.26088270999999,68.33984068000001,63.16138739,56.06945496,44.738803600000004,32.53539677,33.47554529,28.08315775,25.257656899999997,18.169461870000003,17.985557309999997,17.40970146,15.68700065,15.60546166,16.46053089,14.65989499,13.518116800000001,7.57899817,4.71304668,8.04839825,3.14538544,2.6714515299999997,1.78292717
2017/Dez,259.45168590000003,138.34119184,105.55812329000001,82.73757448,67.31662213,64.79952304,61.49303336,52.42652716,44.44211637,32.33257353,32.06793467,27.08323319,24.27612139,18.11825843,16.38832231,16.03871079,15.04036893,15.04288908,15.069229609999999,14.473688300000001,13.635186019999999,7.350893950000001,5.50636607,8.15973749,2.6387739199999998,2.6883157,1.61077922
2018/Jan,279.49757088999996,146.50161807,116.13319349,91.82567154,72.33987822,70.33740126000001,66.78427134,55.20033053,48.58628474,33.70229307,33.61583609,29.401736850000002,25.48024819,19.045469420000003,17.867994890000002,18.97684656,16.146431630000002,15.979472640000001,16.40762375,15.578896349999999,14.549450859999999,9.3135564,5.63274575,8.457455710000001,2.96816875,2.7409520699999996,1.8882166699999998
2018/Fev,254.00462807,130.70212627,107.07598223999999,77.58201238,65.01705187,60.856693719999996,59.2865515,50.09467265,42.120360659999996,30.92346258,30.62349162,26.330254030000003,22.68667267,18.25403458,16.83028457,18.38924038,14.703494869999998,13.63529355,14.10828371,14.59242867,12.75355536,7.81777209,4.7107642400000005,7.7669832,2.76979739,2.47834944,1.756846
2018/Mar,285.27055962000003,151.49624519,122.33135451000001,91.07832519,74.38663912,68.97762188,66.01009438,58.796191840000006,48.63725849,34.86171153,34.121931,29.89518177,25.26672961,20.97218731,18.65984018,19.74654297,16.969878140000002,16.16424927,17.291774710000002,17.252931320000002,14.74940947,9.831536210000001,5.12095306,8.85884557,3.05763196,2.67495894,1.8697465
2018/Abr,286.19196506000003,150.68760294999998,124.73134517,91.92677379999999,74.5180963,70.89195896,67.8488161,61.16070955,50.80562571,33.76450314,35.039954200000004,30.89706802,25.97510639,20.717428899999998,18.830153600000003,19.508159579999997,17.062906920000003,16.31357841,18.077005489999998,15.921801140000001,14.57793081,8.649405830000001,5.3472444900000005,8.407076439999999,2.87496531,2.72126119,2.0092114
2018/Mai,291.44094701999995,153.58925944,127.07385311,91.67813198,79.25977509,73.08366568000001,71.20973304,60.093810340000005,51.998581310000006,36.357757299999996,35.424611060000004,30.281504239999997,27.44456456,21.99185964,19.53678789,19.463161260000003,17.06819256,17.27022367,18.191826640000002,16.73227217,15.38106196,9.12732357,5.95596829,9.49293892,3.17557517,2.84481166,2.09222929
2018/Jun,278.92601836,150.25175137,122.61692402,90.98988784999999,75.90770863,68.36962654999999,66.92656113,61.23793218,47.40680541,33.49221173,34.16028318,28.45397346,24.44462213,20.90980817,18.66877293,18.40038835,17.1430323,16.13288717,16.60161644,16.07507371,14.653650769999999,9.14158881,5.48440152,8.20619592,3.0609032099999998,2.96716135,2.047927
2018/Jul,285.85191968,156.63399016,127.9919008,94.86100809999999,77.48669197,74.87773512000001,67.76358278000001,63.70950655,47.91655796,35.3138844,34.484949490000005,30.8069653,25.71679637,21.54486414,19.04687799,18.783802780000002,17.4350399,16.2166855,18.0178032,16.47900811,15.544595789999999,9.026038830000001,5.44576744,9.01161258,3.2530116099999997,2.8415879700000004,2.2602107200000003
2018/Ago,295.41931115,160.42004349,131.2571634,96.79964323,78.78406869,74.69745817,71.99257297,63.061083409999995,51.37644625,35.38014868,35.618364039999996,30.83853257,25.49852261,22.61685875,19.88905691,20.2917413,18.23932145,16.55061702,18.22124982,16.01118769,16.37496141,9.57216412,5.51486691,9.12496784,3.0406450499999997,3.3282306299999997,2.4086592400000004
2018/Set,277.57616624,145.94100754,120.64737743,87.34426909,72.83764552,70.61650853,63.77730061,59.354217399999996,46.56033578,33.780632049999994,34.380916899999995,29.97698717,24.33822714,19.926336210000002,18.24104636,19.38806107,16.963131370000003,15.76215438,16.27354719,15.35727396,15.34334093,9.027721470000001,5.48617829,8.40673272,2.92617927,2.87869104,2.36922352
2018/Out,301.45486705,157.2475797,129.53016395999998,97.37110006,79.13817066,76.59385776,69.16617029999999,63.96162664,52.21652036,35.99049196,38.4410905,30.994778850000003,26.15884599,22.290820670000002,18.93304343,19.677470120000002,17.67718562,16.785244629999998,18.384714629999998,16.83415193,16.24996361,10.07245367,6.041880730000001,8.41136002,3.1261206400000003,2.96432432,2.58815429
2018/Nov,278.11430244,148.17278399,121.81066926000001,90.19076767,73.94690494,71.53749545000001,64.61212490999999,61.55323670000001,47.71785254,34.86247574,33.58353808,28.237905899999998,24.67166441,20.44527359,18.351401879999997,18.39789323,16.36392626,15.744012679999999,16.18651159,15.47440582,14.25540882,8.939051710000001,6.217142030000001,8.651081660000001,2.47345485,2.5247124,2.2984581800000004
2018/Dez,266.2398008,145.38724073,112.98463073,81.7488803,70.6881862,67.57099009999999,62.06814767,53.90855778,45.184079149999995,34.05064602,32.789354870000004,27.80246295,24.68368586,19.38037516,17.45464389,17.56477475,16.14910915,15.59116182,14.72325284,14.2349423,14.27405394,8.88559593,6.26986967,8.19342599,2.2774934900000003,2.4624516400000003,2.35679888
2019/Jan,291.08140659,153.17730519,124.15923968000001,92.46710001999999,79.46837891,70.10059456,67.6152694,59.45247388,51.30283345,34.79583102,34.513534799999995,30.16082623,25.20103931,21.14737776,18.42339703,19.662949329999996,16.90263663,16.88231566,18.03647581,15.05538398,15.358914,10.04733965,6.46257469,8.388269450000001,2.59434732,2.66224018,2.44132503
2019/Fev,267.6625087,142.66915377,117.71547331999999,85.30100044,73.79501314,66.81460562,62.461656170000005,57.17621574,47.437503369999995,33.27908823,31.885919670000003,27.614666059999998,24.71017175,20.77092583,18.23830593,18.27082361,16.96475779,15.53642806,16.4329437,14.47890698,14.100074560000001,9.465338970000001,5.785900150000001,8.645315779999999,2.23438836,2.4999961600000002,2.56417612
2019/Mar,285.57631272000003,151.94363056,123.90737222,91.62433870000001,74.91939828,69.93889752,64.94904647,61.547622600000004,50.6544258,34.951022380000005,33.23615579,30.32290898,26.74072797,21.77521378,19.04274075,20.04608124,17.25939223,16.87813,16.38336736,15.97670125,16.10397189,9.45587639,6.5880804699999995,9.050329130000001,2.4730084900000002,2.84613556,2.6042639199999997
2019/Abr,292.58482835,157.92259868,127.44703366,92.78795322,76.66697133,73.28310162999999,66.10315927,62.756764329999996,52.32220207,36.20740369,31.00892495,30.475196989999997,25.9810584,22.20657663,19.98525854,20.60203752,18.14756263,16.77946857,16.96731909,16.026760630000002,16.15449182,10.22965199,7.235519780000001,9.21126251,2.97976477,2.78982329,2.57361574
2019/Mai,308.92559824,163.59146178999998,132.57656312999998,99.11764375,82.44072847,79.40713176,72.89791354,65.81321022,55.37146038,37.750841560000005,31.0641065,32.60311694,28.690916870000002,23.81943058,20.59910873,21.10110801,19.143242280000003,17.98516084,18.40178088,17.30433481,16.52997606,11.1568496,6.957234519999999,9.490545019999999,3.07053395,2.8393895299999996,2.12785177
2019/Jun,281.40514678,154.11482271,124.85829237,95.84050987,78.19065212000001,70.57283697,66.60604473,61.817516049999995,49.98716087,35.37215057,28.543179300000002,29.832196370000002,25.93688897,21.61356761,18.616883329999997,19.36181939,17.90563897,17.14816573,16.66527065,16.13182019,15.50998483,9.81877539,7.12725856,8.6008862,3.24905269,2.6475402000000003,2.63289052
2019/Jul,306.63398791000003,166.73565041,134.62131553,103.02818947,87.98448517,79.56721583,71.314442,68.75967319,54.3400196,36.47361792,36.71392936,31.2697732,28.55051279,22.13708777,20.45098867,21.51492674,18.126954440000002,17.505527280000003,18.01027958,16.46780396,16.64222071,10.14206436,7.11704732,8.919190859999999,3.56753864,2.86577771,2.44587482
2019/Ago,302.36727677,161.70782505000003,127.17409504999999,98.54611009999999,83.31160359,77.85244131,71.73562695999999,64.50354072,51.67258501,38.3995927,36.46201147,31.374191370000002,29.29872179,23.07330772,19.85469954,21.13336151,19.21798214,17.81640411,17.66810559,16.53233542,16.49371952,10.07528052,7.14006279,8.90911189,2.98107298,3.18132182,2.17306089
2019/Set,293.68571314999997,157.41973193,126.1726795,94.3691898,81.14669063,75.4396991,70.92417475,66.07569136,51.73534774,36.335534960000004,36.79075867,31.58878738,27.4292694,23.43726573,19.250722850000002,20.9636216,18.90436443,17.9167889,17.493927420000002,15.59613369,15.34632327,9.63395553,7.11999129,8.40938609,2.99886031,3.07043696,2.54134233
2019/Out,303.3825271,166.13380332,133.84797848,96.91390471,82.24772887,78.98786457,71.44883323,67.76741913,53.94186757,37.17142764,36.974859689999995,30.157243620000003,29.709557399999998,23.08576553,20.22861055,21.333585199999998,18.81218596,19.15550831,18.37319131,16.51476499,16.28243668,9.969119359999999,7.587986900000001,8.92434841,3.29337897,3.1623424399999998,2.54018386
2019/Nov,282.39177321,152.10666017,126.20936922,90.97180922,74.62047661,72.31493833,68.40276779999999,62.63582771,50.213511700000005,36.23413235,35.555518,30.84908157,26.2366364,20.35016795,18.79317773,19.61740092,18.3164808,17.64909271,16.42968991,15.09736241,14.78133242,9.27835826,7.59417534,8.94860566,3.17424943,3.12110471,2.2394433599999997
2019/Dez,272.69769504000004,152.39859906,113.54531890999999,88.72087359,74.89586163,68.5768361,64.85689124,58.21019151,48.44758361,34.050298549999994,35.222625799999996,29.63223487,25.163041420000003,20.13589521,17.35047069,19.20714801,17.84451104,16.84690302,15.969025279999999,13.8277062,14.92338022,9.23014457,7.57306495,8.66075305,2.95956909,2.8899698700000003,2.1414008300000003
2020/Jan,301.99116767000004,158.09790397999998,122.2687541,97.47436262000001,79.70566375,74.37363119,69.63071214,64.54609976,53.0863893,36.312121020000006,37.00981917,31.2561878,27.53355066,22.201116149999997,18.4835226,20.42906727,18.653296920000003,17.31288965,17.26396088,15.44569374,15.93956123,9.60588299,7.225320389999999,8.32641632,3.26112388,3.0845610800000003,2.34985856
2020/Fev,271.35678404000004,141.32317561000002,116.06160252,85.45164634999999,72.41281042,67.69754436,62.55218996,59.54920875,49.01530322,34.15802381,34.63570252,28.45729999,26.54280284,20.512979079999997,17.2974523,18.21917296,17.769247,16.26461357,15.228725990000001,14.43117187,15.138110699999999,9.16071354,7.34117188,8.41378442,2.9812642200000004,2.96715904,2.34249995
2020/Mar,276.60628892,147.07855629,114.47699752,84.65139659,73.59449793,70.34030129000001,59.62867407,56.709962090000005,46.39535697,34.558308520000004,34.74909846,28.83266246,26.55568868,20.93669202,17.60747801,19.40544688,17.3570088,15.31897543,15.99872186,14.4442076,14.773739410000001,9.19324873,7.02582112,7.1743123099999995,2.85910206,2.81395405,2.28624146
2020/Abr,251.69636266,126.33064986,96.72711219,76.29459695999999,68.16077335,59.109689200000005,53.843729229999994,51.179993450000005,43.46881662,27.49930793,28.71496996,23.93815677,23.73572464,17.31994766,15.386630890000001,18.123899780000002,15.65277251,11.87858716,14.241361439999999,11.94371353,16.330913810000002,8.395906570000001,6.20445342,7.423678639999999,2.47206308,2.3049614199999997,1.77455812
2020/Mai,302.85766098,136.86727575,106.10373762,86.07611342,86.28103315999999,61.75677571,65.4247194,56.84360433,54.20033948,31.870107620000002,41.24850278,32.979447969999995,28.61468375,19.91657052,18.97054357,21.43743022,16.7038511,14.17505345,15.25420431,13.98148329,19.44115053,8.45020957,6.73237056,8.581195130000001,2.38389548,2.91077644,2.7010148700000003
2020/Jun,299.06085162,135.97757187,92.90146136,89.01947881999999,77.60492520999999,65.15930063,68.14511059,56.50374799,42.14655581,34.4376332,35.396030780000004,31.12814466,27.45086516,20.219961809999997,19.66609687,23.47977303,15.83865934,15.37552359,14.27887207,14.58500942,17.50933466,6.70592303,5.01813813,9.19359376,2.1999207000000003,3.2164665099999996,2.69949223
2020/Jul,282.70957031,120.46718734000001,80.32085269,78.92970381,71.54022733,58.8981004,62.325444340000004,51.76453476,30.809221219999998,33.49928438,27.618727510000003,24.374205149999998,27.46047547,19.59305745,15.49146906,22.23354226,12.50871735,18.01921449,13.0878504,13.083151699999998,13.35851402,3.3127663199999997,4.4896658700000005,7.40738824,1.1638130800000002,2.73949841,2.1550833700000003
